StationCode,ChannelClass_3ef,Latitude,Longitude,Distance to upstream undeveloped,comments
402BA0031,Natural,34.44652,-119.29227,,
402BA0079,Natural,34.41183,-119.27418,,
402BA0095,Natural,34.46328,-119.34566,,
402BA0143,All or partially earthen,34.36483,-119.31057,,
402BA0287,Natural,34.50284,-119.36644,,
402BA0335,Natural,34.37965,-119.30751,,
402M00002,Natural,34.31063,-119.29916,,
402M00005,Natural,34.51364,-119.40097,,
402M00009,Natural,34.41824,-119.37505,,
402PS0048,Natural,34.53077,-119.40085,,
SMC02591,Natural,34.51783,-119.37846,,
SMC04795,Natural,34.47989,-119.17067,,
SMC05199,Natural,34.40412,-119.28071,,
SMC05407,Natural,34.50124,-119.35043,,
SMC06863,Natural,34.49417,-119.30534,,
SMC08655,All or partially earthen,34.50823,-119.28406,,
SMC09503,Natural,34.49757,-119.33913,,
SMC11343,All or partially earthen,34.3728,-119.30859,,
SMC13391,Natural,34.41791,-119.26998,,
SMC13599,Natural,34.49889,-119.34172,,
SMC16446,Natural,34.41319,-119.27282,,
SMC16980,Natural,34.43268,-119.24974,,
402SNPMCR,Natural,34.50509,-119.37741,,
402WE0536,Natural,34.5196,-119.40537,,
402WE0803,Natural,34.42131,-119.3806,,
402WER001,Natural,34.50528,-119.27806,,
SMC00027,Natural,34.66254,-119.05249,,
403BA0047,All or partially earthen,34.27084,-119.1524,,
403BA0136,Natural,34.51202,-118.45038,,
403BA0171,Natural,34.58516,-119.28363,,
403CE0156,Natural,34.37746,-119.05968,,
403CE0188,All or partially earthen,34.35646,-119.04752,,
403FCA022,Natural,34.35671,-119.01988,,
403M01505,All or partially earthen,34.41709,-118.92546,,
403M01506,Natural,34.39739,-118.79347,,
403M05757,Natural,34.54518,-118.43467,,
403M05758,Natural,34.43484,-118.61254,,
403M05771,Natural,34.69939,-118.79476,,
403PRCAGH,Natural,34.69449,-118.92051,,
403R4S117,Natural,34.58739,-118.45116,,
403R4S137,Hardened,34.44605,-118.4892,4.5km,
SMC01164,Natural,34.35078,-118.57968,,
SMC01215,Natural,34.33968,-119.06784,,
403R4S211,All or partially earthen,34.57232,-118.46287,,
SMC01979,Natural,34.45205,-119.13624,,
SMC02075,Natural,34.6719,-119.03758,,
SMC02139,Natural,34.6714,-119.01717,,
403S02363,Natural,34.55885,-119.15456,,
SMC02888,Natural,34.54401,-118.43626,,
SMC04432,Natural,34.41089,-118.14881,,
SMC04956,Natural,34.42708,-118.57409,,
SMC05296,Natural,34.55457,-118.77525,,
403S06139,Natural,34.55464,-119.2405,,
403S06315,Natural,34.59223,-119.31033,,
403S07227,Natural,34.56208,-119.16664,,
SMC08540,All or partially earthen,34.44828,-118.61769,,
SMC16892,Natural,34.41043,-118.66107,,
SMC17378,Natural,34.40267,-118.68412,,
403STC008,All or partially earthen,34.38667,-118.90528,,
403STC009,Natural,34.53833,-118.75889,,
403STC010,Natural,34.53306,-119.15833,,
403STC016,Natural,34.23556,-119.24083,,
403STC017,Natural,34.68889,-118.9025,,
403STC021,Natural,34.64667,-119.06944,,
403STC022,Natural,34.555,-119.20472,,
403STC024,Natural,34.45056,-119.05583,,
403STC025,Natural,34.66528,-119.05111,,
403STC026,Natural,34.55889,-119.26861,,
403STC028,Natural,34.43722,-119.08583,,
403STC030,Natural,34.57,-119.15556,,
403STC064,Natural,34.55806,-119.10361,,
403STC066,Natural,34.585,-119.16472,,
403STC069,Natural,34.68111,-119.02111,,
403STC070,Natural,34.56667,-119.26278,,
403STC071,Natural,34.68278,-118.84361,,
403STC076,Natural,34.42472,-118.76278,,
403STC082,Natural,34.33583,-119.06833,,
403STC085,Natural,34.6425,-119.0775,,
403STC086,Natural,34.55667,-119.20611,,
403STC090,All or partially earthen,34.37889,-119.0625,,
403STC093,Natural,34.70806,-118.97333,,
403STCEST,Natural,34.23557,-119.21674,,
403STCNRB,Natural,34.40138,-118.70012,,
403STCPRU,Natural,34.40894,-118.78483,,
403STCSSP,Natural,34.39414,-118.94096,,
403WE0501,Natural,34.54172,-118.77286,,
403WE0534,Natural,34.61359,-118.77983,,
403WE0535,Natural,34.43957,-118.75907,,
403WE0540,Natural,34.65136,-119.11845,,
403WE0560,Natural,34.55841,-119.14079,,
403WE0682,Natural,34.57066,-118.38974,,
403WE0683,Natural,34.43952,-119.07616,,
403WE0795,Natural,34.6408,-119.08094,,
403WE0809,Natural,34.5515,-119.20811,,
403WE0891,Natural,34.65926,-119.14255,,
403WE0905,Natural,34.55734,-119.24876,,
403WE1021,Natural,34.63193,-118.52977,,
403WE1027,Natural,34.72654,-119.02842,,
404BA0084,Natural,34.09079,-118.94926,,
404M04532,All or partially earthen,34.1744,-118.78748,,
404M07346,Natural,33.8024,-118.39639,,
404M07349,Natural,34.07803,-118.70166,,
404R4S009,Natural,34.17601,-118.76169,,
404R4S070,Natural,34.042,-118.89747,,
404R4S089,Hardened,33.98426,-118.41426,-99,ended in developed area
SMC04750,Natural,34.041,-118.58149,,
SMC05902,Hardened,34.03432,-118.51218,10.5km,
SMC11384,Natural,34.09552,-118.66521,,
SMC12814,Natural,34.04892,-118.84641,,
SMC13076,Natural,34.06634,-118.93189,,
SMC15464,Natural,34.09652,-118.66777,,
SMC18116,Hardened,34.1569,-118.79048,5km,
404S31468,All or partially earthen,34.16874,-118.76171,,
405BH2Axx,Natural,34.2429,-117.8732,,
405BH2Bxx,All or partially earthen,34.24138,-117.86947,,
405BH3Axx,Natural,34.22984,-117.7719,,
405BH3Bxx,All or partially earthen,34.23009,-117.7754,,
405BH3Cxx,Natural,34.22979,-117.7796,,
405CE0280,Natural,34.23041,-117.74981,,
405M10596,Hardened,33.81024,-118.12821,-99,ended in developed area
405M10598,Hardened,34.06991,-117.77146,10.5km,
405M10599,Hardened,33.95045,-118.04896,-99,ended in developed area
405PS0030,Natural,34.23487,-117.80523,,
SMC00544,Natural,34.14677,-117.74153,,
SMC00608,Hardened,34.12344,-117.90223,9.5km,
SMC00686,All or partially earthen,34.0322,-117.83819,,
SMC01248,Natural,34.25895,-117.74499,,
SMC01260,Hardened,34.06502,-117.97473,>15km,
SMC01454,All or partially earthen,33.95504,-117.86127,,
SMC01504,Natural,34.25327,-117.71385,,
SMC01824,Hardened,34.09116,-117.75598,7.5km,
SMC01902,Hardened,34.01036,-117.85602,>15km,
SMC02972,Natural,34.24957,-118.0755,,
SMC03216,Natural,34.28092,-117.84093,,
SMC03280,Natural,34.25685,-117.85652,,
SMC03452,Natural,34.30354,-117.8323,,
SMC03984,All or partially earthen,34.24613,-117.90186,,
SMC04000,Natural,34.23282,-117.74777,,
SMC12862,Hardened,33.92148,-118.11149,>15km,
SMC13630,Hardened,33.86119,-118.10351,>15km,
407M01516,Hardened,34.25539,-119.25498,9.5km,
SMC00479,Hardened,34.2634,-119.24095,8.5km,
SMC00036,All or partially earthen,34.21502,-118.87899,,
SMC00660,All or partially earthen,34.26784,-118.93781,,
408M03019,All or partially earthen,34.26742,-118.94037,,
SMC00836,All or partially earthen,34.19071,-119.00511,,
408CGCS12,Natural,34.19114,-119.00464,,
408BH5Axx,All or partially earthen,34.28327,-118.81091,,
408BH5Bxx,All or partially earthen,34.28236,-118.81168,,
408BH5Cxx,All or partially earthen,34.28098,-118.81234,,
408BH6Axx,All or partially earthen,34.2037,-119.00141,,
408BH6Bxx,All or partially earthen,34.20294,-119.00204,,
408BH6Cxx,All or partially earthen,34.2008,-119.00101,,
408CAL003,All or partially earthen,34.14722,-119.11837,,
408CAL004,Natural,34.1127,-119.08265,,
408CAL006,All or partially earthen,34.16443,-119.06255,,
408CAL007,All or partially earthen,34.19437,-119.00077,,
408CAL008,Natural,34.27387,-118.85857,,
408CAL012,All or partially earthen,34.27242,-118.78131,,
408CAL013,Hardened,34.27133,-118.74003,7.5km,
408CALBWC,Hardened,34.22848,-119.11343,13km,
408M03005,Hardened,34.27001,-118.74203,7km,
408M03015,Hardened,34.20947,-118.88115,8km,
408PS0032,All or partially earthen,34.1688,-119.05743,,
SMC02452,All or partially earthen,34.2733,-118.89985,,
SMC02536,Hardened,34.26861,-118.6736,4km,
SMC02644,All or partially earthen,34.18157,-118.88652,,
SMC03304,Hardened,34.28829,-118.72312,4.5km,
SMC03988,Natural,34.21322,-118.89766,,
SMC04008,All or partially earthen,34.28342,-118.80803,,
SMC04132,Hardened,34.21472,-118.88416,7.5km,
SMC05332,All or partially earthen,34.18682,-118.90741,,
SMC05524,All or partially earthen,34.27032,-118.91723,,
SMC05764,Hardened,34.23123,-119.11091,12.5km,
SMC05956,All or partially earthen,34.22875,-118.97109,,
SMC06036,All or partially earthen,34.23092,-118.9349,,
408ACCR3x,All or partially earthen,34.22722,-118.93194,,
408CGCS13,All or partially earthen,34.16781,-119.09272,,
408WE0654,All or partially earthen,34.16522,-119.09069,,
408WE1039,All or partially earthen,34.14743,-119.087,,
412BH1Axx,All or partially earthen,34.27392,-118.31529,,
412BH1Bxx,All or partially earthen,34.27241,-118.31836,,
412BH1Cxx,Natural,34.27276,-118.3222,,
412BH4Axx,Natural,34.20695,-118.16815,,
412BH4Bxx,All or partially earthen,34.20653,-118.16651,,
412BH4Cxx,Natural,34.20503,-118.16632,,
412CE0232,Hardened,34.15907,-118.45624,14km,
412CE0616,Hardened,34.15397,-118.42994,>15km,
412CE0732,Hardened,34.15513,-118.31261,>15km,
412M08597,Hardened,34.15524,-118.43907,>15km,
412M08599,Hardened,34.10602,-118.24338,>15km,
412M08602,Hardened,33.97131,-118.16996,>15km,
412WE0552,Natural,34.23908,-118.18059,,
412WE0896,Natural,34.28771,-118.23008,,
SMCR8_203,Natural,34.18658,-116.91801,,
801M12611,All or partially earthen,33.80456,-117.86822,,
801M12617,Hardened,33.65489,-117.77451,-99,ended in developed area
801M12625,Hardened,33.69499,-117.93471,>15km,
801M16861,Natural,33.89732,-117.36136,,
801M16873,Hardened,33.90145,-117.4664,>15km,
SMCR8_069,Natural,34.2481,-117.51276,,
SMC00766,All or partially earthen,33.65718,-117.83739,,
SMC00899,Hardened,33.71747,-117.7888,-99,ended in developed area
SMC01923,All or partially earthen,33.67221,-117.78872,,
SMC02206,All or partially earthen,33.87098,-117.85002,,
SMC02947,All or partially earthen,33.69919,-117.81143,,
SMC03438,All or partially earthen,33.93708,-117.79252,,
SMC03971,All or partially earthen,33.67551,-117.82775,,
SMC05230,All or partially earthen,33.87308,-117.75077,,
SMC05379,Hardened,33.72777,-117.77913,-99,ended in developed area
SMC06302,All or partially earthen,33.86699,-117.85366,,
SMC07085,Hardened,33.88382,-117.51705,>15km,
SMC08094,All or partially earthen,33.81951,-117.8536,,
SMC08414,Hardened,33.79629,-117.81995,>15km,
SMC11181,Hardened,33.88882,-117.50296,-99,ended in developed area
SMC16045,Hardened,33.8819,-117.52249,-99,ended in developed area
SMC18169,All or partially earthen,33.89175,-117.57191,,
SMC21371,All or partially earthen,33.8945,-117.57861,,
SMC24921,Hardened,33.87828,-117.55361,>15km,
801SANT1x,Natural,33.70885,-117.61456,,
SMC29064,Natural,33.79564,-116.7426,,
SMC35837,Natural,33.7364,-116.8261,,
802SJN851,Natural,33.74022,-116.79492,,
845PS0011,Hardened,33.88053,-117.89742,-99,ended in developed area
SMC00702,Hardened,33.87795,-118.00297,>15km,
SMC00958,All or partially earthen,33.82532,-117.99894,,
SMC01662,Hardened,33.9248,-117.95665,-99,ended in developed area
901CSCADC,Natural,33.49366,-117.43071,,
901DCCSMC,Natural,33.47303,-117.4659,,
901M14118,Natural,33.6098,-117.62739,,
901M14124,Hardened,33.43535,-117.62556,-99,ended in developed area
901NP9LCC,Natural,33.62752,-117.42857,,
901PS0057,All or partially earthen,33.52977,-117.66957,,
SMC01257,All or partially earthen,33.60842,-117.61859,,
SMC01555,Hardened,33.54998,-117.77966,3.5km,
SMC01934,All or partially earthen,33.49,-117.66595,,
SMC01987,All or partially earthen,33.59028,-117.71185,,
902DLCDLM,Natural,33.45958,-117.29053,,
902M18864,Natural,33.49207,-117.24653,,
902M20161,Natural,33.4187,-117.14103,,
902RCWGRx,Natural,33.40725,-117.19969,,
902RCBWGR,Natural,33.40772,-117.2023,,
SMC04661,Natural,33.40606,-117.22499,,
SMC05165,Natural,33.58183,-117.25571,,
SMC08157,Natural,33.53913,-117.26484,,
SMC09325,Natural,33.56252,-117.12886,,
SMC11593,Natural,33.4646,-117.27796,,
902SMSND3,Natural,33.41521,-117.24661,,
902WE0888,Natural,33.45407,-117.30182,,
903ACPCT1,Natural,33.29595,-116.63863,,
903CVPCT,Natural,33.26801,-116.6394,,
903FRC,Natural,33.35652,-116.91283,,
903M20124,Natural,33.29947,-117.08415,,
903M20153,Natural,33.31876,-117.10161,,
903NP9SLR,Natural,33.34992,-116.6649,,
SMC00665,Natural,33.274,-117.23159,,
SMC00857,All or partially earthen,33.24609,-117.30088,,
SMC01413,Natural,33.30552,-116.80627,,
SMC01689,Natural,33.26814,-117.23574,,
SMC02145,Natural,33.26934,-117.03146,,
903SLFRCx,Natural,33.3441,-116.88046,,
903SLKYS3,Natural,33.28908,-117.07136,,
903SLSLR3,Natural,33.26236,-116.80819,,
903WE0798,Natural,33.33669,-116.82848,,
903WE0900,Natural,33.33052,-116.81511,,
904CBAHC6,All or partially earthen,33.14887,-117.29758,,
904CBESC6,Natural,33.07156,-117.16444,,
904CBESC8,Natural,33.03393,-117.23565,,
904M21713,Hardened,33.11944,-117.09511,-99,ended in developed area
904M21720,Natural,33.15678,-117.28243,,
SMC00345,Natural,33.21048,-117.22484,,
SMC02417,Hardened,33.13385,-117.06236,-99,ended in developed area
904CBSAM5,Natural,33.08855,-117.24526,,
SMC03737,Hardened,33.11968,-117.09259,-99,ended in developed area
SMC03929,Natural,33.17865,-117.30453,,
SMC04121,Natural,33.18466,-117.19833,,
904WE1125,Natural,33.09896,-117.12876,,
904WE1131,Natural,33.0682,-117.16872,,
905BCC,Natural,33.13086,-116.79575,,
905CE0512,Natural,33.11137,-116.74386,,
905DGCC1x,Natural,33.15771,-116.84084,,
905DGUT1x,Natural,33.17601,-116.85052,,
905KCCSDx,Natural,33.06756,-117.06606,,
905M21721,Natural,33.00843,-117.16525,,
905PS0026,Natural,33.10697,-116.86545,,
SMC01174,Natural,33.01677,-117.01646,,
SMC03222,Hardened,33.02209,-117.06725,-99,ended in developed area
905SDBDN9,Natural,33.09184,-116.89774,,
905SDGVC2,Natural,33.04335,-117.07563,,
905SDISS2,Natural,33.13428,-116.5971,,
905WE0679,Natural,33.13163,-116.6544,,
905WE1018,Natural,33.12423,-116.68157,,
906CCECRx,Natural,32.96208,-117.09339,,
906LPLPC6,Natural,32.9072,-117.23055,,
906LPRSC4,Natural,32.83703,-117.23178,,
906M23302,Natural,32.81736,-117.19986,,
906M23318,Natural,32.8249,-117.23035,,
SMC02902,Natural,32.94907,-117.06443,,
907BCT,Natural,32.96654,-116.65211,,
907CONECR,Natural,32.89028,-116.76306,,
907M23325,Hardened,32.80233,-116.97166,-99,ended in developed area
SMC03110,Natural,32.81105,-117.07335,,
SMC04134,Natural,32.82874,-117.05243,,
SMC04682,Natural,32.97115,-116.64814,,
SMC07126,Natural,32.84359,-117.03457,,
SMC09174,Natural,32.83971,-117.002,,
SMC10198,Hardened,32.82185,-116.97619,-99,ended in developed area
SMC11430,All or partially earthen,32.84837,-116.86004,,
907SDALV3,Natural,32.78309,-117.07478,,
907SDCHC3,Natural,32.84722,-116.80694,,
907SDFRC2,Natural,32.83945,-117.00107,,
907SDRS2x,All or partially earthen,32.77222,-117.14194,,
907SDSVC3,Natural,32.99637,-116.8441,,
907SSDR11,Natural,32.82119,-117.0627,,
907SDRMTx,Natural,32.81858,-117.06531,,
909JQCASR,Natural,32.91468,-116.56562,,
909M24923,Natural,32.63919,-116.9887,,
SMC05146,Natural,32.84526,-116.61346,,
SMC06298,Natural,32.91213,-116.57126,,
SMC06794,Natural,32.83039,-116.64687,,
SMC09162,Natural,32.84087,-116.70988,,
SMC14218,Natural,32.82998,-116.73603,,
SMC16266,Natural,32.81855,-116.75313,,
SMC19228,Natural,32.66405,-116.98501,,
909SHAR02,Natural,32.81028,-116.84278,,
909SSWR03,Natural,32.83521,-116.62203,,
909SSWR08,Natural,32.65897,-117.04181,,
909WE0662,Natural,32.89957,-116.58789,,
909WE0780,Natural,32.92981,-116.55901,,
909WE1014,Natural,32.83213,-116.7265,,
910DZRA03,Natural,32.65325,-116.79171,,
910OTJMC5,Natural,32.63361,-116.88603,,
911COPPER,Natural,32.5616,-116.8291,,
911KCKCRx,Natural,32.78745,-116.451,,
911LAP,Natural,32.70021,-116.48152,,
911M24913,Natural,32.59027,-116.51532,,
911M24916,Natural,32.54938,-116.99128,,
911NCPCR2,Natural,32.86391,-116.50865,,
911NP9ATC,Natural,32.76824,-116.41757,,
911NP9UCW,Natural,32.81829,-116.49235,,
SMC03510,Natural,32.56363,-116.78734,,
SMC05402,Natural,32.80468,-116.57311,,
911TCCTCx,Natural,32.80778,-116.44,,
911TJIND2,Natural,32.89752,-116.50406,,
911TJWIL3,Natural,32.69361,-116.69528,,
911TTJR01,Natural,32.56556,-116.77167,,
904AHCSAx,Natural,33.15625,-117.22611,,
904CBBVR4,All or partially earthen,33.18147,-117.32893,,
904CBESC5,Natural,33.08559,-117.15037,,
908CCTNFA,Natural,32.7273,-117.06977,,
905DGSY1x,Natural,33.12783,-116.67785,,
911TJKTC5,Natural,32.75288,-116.45197,,
911TJKC1x,Natural,32.7598,-116.45078,,
ME-CC,All or partially earthen,34.17912,-119.03968,,
408CGCS06,All or partially earthen,34.17978,-119.04053,,
404VCLSCU,Natural,34.06514,-118.96317,,
403LNCASC,Natural,34.53892,-119.16139,,
402MTCUNF,Natural,34.5175,-119.3792,,
909SSWR1a,Natural,32.90942,-116.57633,,
909SSWR01,Natural,32.90942,-116.57633,,
911PCH80x,Natural,32.83719,-116.53636,,
801SCLCRx,Natural,33.74792,-117.64125,,
911TJLCC2,Natural,32.77887,-116.44162,,
911TJNPC2,Natural,32.8653,-116.51815,,
911TJLAP4,Natural,32.69992,-116.47914,,
911NCPCRx,Natural,32.86408,-116.51847,,
902SCSCRx,Natural,33.42425,-117.24811,,
909CCCSPx,Natural,32.94003,-116.56444,,
901SJSMT2,Natural,33.5497,-117.39619,,
902SMROB8,Natural,33.38713,-117.32372,,
901DCCDCx,Natural,33.47108,-117.46461,,
911CCH80x,Natural,32.78803,-116.49761,,
905SDYSA7,Natural,33.08603,-116.91668,,
902SCDLRx,Natural,33.49219,-117.24642,,
907CCCR02,Natural,33.00222,-116.70889,,
905BMCCGx,Natural,33.12706,-116.80361,,
907SDBOC2,Natural,32.96353,-116.66406,,
901BCCSRT,Natural,33.56422,-117.56369,,
902SMRWGR,Natural,33.42931,-117.19637,,
910OTJMC4,Natural,32.63747,-116.88405,,
905BCN1xx,Natural,33.10528,-116.89306,,
903FCPSPx,Natural,33.3517,-116.91389,,
901SMCSMR,Natural,33.42339,-117.53136,,
REF-TCAS,Natural,33.67399,-117.53722,,
SMCR8_012,Natural,33.91909,-117.82201,,
SMCR8_019,All or partially earthen,33.92417,-117.59778,,
SMCR8_110,All or partially earthen,33.96468,-117.46518,,
SMCR8_151,All or partially earthen,33.98873,-117.39614,,
SMCR8_028,Natural,34.2026,-117.44583,,
SMCR8_032,Natural,34.07629,-117.06626,,
SMCR8_051,Natural,33.99512,-117.15212,,
SMCR8_055,All or partially earthen,34.0396,-117.21973,,
SMCR8_258,All or partially earthen,34.01399,-117.17834,,
SMCR8_208,Natural,34.0023,-117.16428,,
SMCR8_041,Natural,34.29543,-117.45882,,
SMCR8_126,Natural,34.17413,-116.89426,,
SMCR8_168,Natural,34.17865,-116.84726,,
SMCR8_334,Natural,34.18321,-116.8773,,
SMCR8_713,Natural,34.24908,-117.63127,,
SMCR8_007,Natural,34.0952,-116.96447,,
SMCR8_027,Natural,34.3061,-117.4697,,
SMCR8_034,Natural,34.08909,-116.92669,,
SMCR8_035,Natural,34.08193,-116.89027,,
SMCR8_062,Natural,34.21257,-117.45844,,
SMCR8_025,Natural,34.1739,-116.9839,,
SMCR8_087,Natural,34.16287,-116.80945,,
SMCR8_100,Natural,34.22644,-116.93895,,
SMCR8_105,Natural,34.25265,-117.4925,,
SMCR8_106,Natural,34.15508,-116.88528,,
SMCR8_271,Natural,34.22931,-117.47362,,
SMCR8_370,Natural,34.10015,-117.02393,,
SMCR8_446,Natural,34.18543,-117.18567,,
SMCR8_530,Natural,34.17834,-116.90881,,
SMCR8_686,Natural,34.16918,-116.89195,,
403SPCNWS,Natural,34.5778,-119.2579,,
907SDR1xx,Natural,32.76497,-117.19136,,
907SRSD1x,Natural,33.10878,-116.65758,,
403SED076,Natural,34.56182,-119.16611,,
SMC00096,Hardened,34.09451,-117.78462,10km,
SMC00190,Hardened,34.01488,-118.04783,-99,ended in developed area
SMC00236,Hardened,34.08951,-117.94783,>15km,
SMC00254,Hardened,33.83758,-118.05377,-99,ended in developed area
SMC03390,Hardened,33.82267,-118.09186,>15km,
SMC04670,Hardened,33.86506,-118.10456,>15km,
SMC00144,Natural,34.26705,-117.78759,,
SMC00208,Natural,34.24464,-117.90908,,
SMC00428,Natural,34.2481,-118.04976,,
SGUR010,Natural,34.19498,-117.86114,,
SGUR103,Natural,34.23218,-118.05822,,
SGUT502,Natural,34.2283,-117.76593,,
SGUT503,Natural,34.29216,-117.83856,,
SMCR8_116,All or partially earthen,33.66396,-117.2787,,
SMCR8_159,Natural,33.73904,-116.83089,,
SMCR8_453,Natural,33.73882,-116.82834,,
SMCR8_020,Natural,33.76698,-116.6902,,
SMCR8_172,Natural,33.78651,-116.8323,,
SMCR8_206,Natural,33.73283,-116.74047,,
SMCR8_267,Natural,33.67606,-116.67871,,
SMCR8_147,Natural,33.79427,-116.74714,,
SMCR8_543,Natural,33.80281,-116.73208,,
SMCR8_635,Natural,33.80349,-116.78271,,
901SJOF1x,Natural,33.61633,-117.42717,,
903SLGRD2,Natural,33.33549,-117.18845,,
903GIR2xx,Natural,33.33521,-117.18882,,
903SLSLR6,Natural,33.28792,-117.22339,,
903SLWVR1,Natural,33.29391,-117.08732,,
902SMADO2,Natural,33.5131,-117.26808,,
902SMAS1x,Natural,33.45695,-116.97047,,
SMC00105,Natural,33.74651,-117.58423,,
SMC00191,All or partially earthen,34.36762,-119.0538,,
SMC00206,Natural,33.54359,-117.65963,,
SMC00271,Natural,34.5485,-119.16547,,
SMC00282,Natural,32.8718,-116.61357,,
SMC00324,Natural,34.30063,-119.1097,,
SMC00382,Hardened,34.04437,-117.99413,-99,ended in developed area
SMC00446,All or partially earthen,34.02018,-118.04627,,
SMC00457,Natural,33.2337,-117.09391,,
SMC00464,Natural,34.24152,-117.86683,,
SMC00473,Natural,33.03916,-117.15802,,
SMC00480,Natural,34.23434,-117.73155,,
SMC00520,Natural,34.29626,-118.28252,,
SMC00531,Hardened,33.55975,-117.772,2.5km,
SMC00670,Hardened,33.86925,-117.90916,-99,ended in developed area
SMC00693,Natural,33.2964,-117.08556,,
SMC00710,Natural,32.88934,-117.20028,,
SMC00729,Natural,33.13525,-117.17488,,
SMC00827,Natural,34.55734,-119.18833,,
SMC00873,Natural,33.59849,-117.62668,,
403S00875,Natural,34.55668,-119.30629,,
SMC00911,Natural,34.50797,-119.29854,,
SMC00926,All or partially earthen,33.90739,-117.88296,,
SMC00957,Natural,33.96195,-117.37075,,
SMC00963,Natural,33.56401,-117.6514,,
SMC01046,Natural,32.79509,-117.18494,,
SMC01049,Natural,33.17733,-117.20403,,
SMC01097,Natural,33.48724,-117.25537,,
SMC01151,Natural,34.3723,-118.97196,,
SMC01155,Natural,33.7606,-117.67949,,
SMC01158,Natural,32.96281,-117.16676,,
SMC01161,Natural,33.44661,-117.25532,,
SMC01172,Natural,34.0816,-118.85826,,
403S01195,Natural,34.55903,-119.2678,,
SMC01201,Natural,33.08584,-117.05528,,
SMC01258,Natural,32.64949,-117.05886,,
SMC01341,Natural,33.94614,-117.5621,,
SMC01372,Natural,34.43437,-118.61386,,
SMC01384,Natural,34.0646,-118.70091,,
SMC01424,Natural,34.24075,-117.81585,,
SMC01512,Hardened,34.27641,-118.67252,4km,
SMC01550,Natural,34.05626,-118.84901,,
SMC01567,Natural,34.50959,-119.38373,,
SMC01606,Hardened,32.84198,-117.23481,>15km,
SMC01640,Hardened,34.15335,-118.69679,4km,
SMC01676,Natural,34.41931,-118.62961,,
SMC01684,Hardened,34.27906,-118.91591,>15km,
SMC01694,All or partially earthen,33.92,-117.90272,,
403S01707,Natural,34.59835,-119.34799,,
SMC01717,Natural,33.34014,-117.13232,,
SMC01726,Hardened,33.86351,-117.98816,>15km,
SMC01748,All or partially earthen,34.28747,-118.82744,,
SMC01814,Natural,33.02298,-117.2254,,
SMC01860,All or partially earthen,34.224,-118.97911,,
SMC01881,All or partially earthen,33.23548,-117.34167,,
SMC01909,Natural,33.31128,-117.13885,,
SMC01960,All or partially earthen,34.26554,-118.75916,,
SMC01962,All or partially earthen,32.66067,-117.03919,,
SMC01982,Hardened,33.91694,-118.03836,-99,ended in developed area
SMC01990,All or partially earthen,32.79653,-117.11327,,
SMC02006,Hardened,32.83083,-116.98486,10.5km,
SMC02127,Natural,34.42318,-119.26474,,
SMC02152,Natural,34.09801,-118.7217,,
SMC02174,Hardened,34.00511,-117.96922,15km,
SMC02208,Hardened,34.12835,-117.77484,-99,ended in developed area
SMC02270,Hardened,33.79573,-117.77241,-99,ended in developed area
SMC02284,Hardened,34.06542,-117.94939,>15km,
SMC02302,Hardened,33.8153,-118.04128,>15km,
SMC02366,Hardened,33.84684,-118.14043,-99,ended in developed area
SMC02436,All or partially earthen,34.26279,-118.97199,,
SMC02457,Natural,33.25578,-117.25006,,
SMC02494,All or partially earthen,33.9132,-117.97397,,
SMC02548,Natural,34.06379,-118.50674,,
SMC02563,All or partially earthen,33.68193,-117.67293,,
SMC02718,All or partially earthen,33.88936,-117.88771,,
SMC02884,All or partially earthen,34.21749,-118.98533,,
SMC02905,All or partially earthen,33.24093,-117.3287,,
SMC02933,Natural,33.31956,-117.16562,,
SMC02976,Natural,34.2579,-117.75661,,
SMC02984,All or partially earthen,34.26528,-118.75053,,
SMC03011,Hardened,33.6145,-117.6955,14.5km,
SMC03268,All or partially earthen,34.16255,-119.06301,,
SMC03401,Natural,33.45042,-117.31169,,
SMC03523,All or partially earthen,33.58478,-117.66437,,
SMC03944,Hardened,34.14271,-118.75016,5.5km,
404R4S015,Hardened,34.14255,-118.75224,5.5km,
SMC04054,Natural,32.83697,-117.01874,,
911MCCBML,Natural,32.67583,-116.58306,,
SMC04175,Natural,34.40835,-119.27642,,
SMC04239,Natural,34.3608,-119.31114,,
SMC04264,Natural,34.13,-118.7548,,
SMC04294,Natural,32.93776,-117.14172,,
SMC04308,Natural,34.19349,-118.9083,,
SMC04383,Natural,34.50224,-119.35602,,
402MJCMHS,Natural,34.5028,-119.3573,,
SMC04399,Natural,34.30796,-119.30062,,
SMC04441,Natural,33.17444,-117.27688,,
SMC04524,Natural,34.24761,-118.03367,,
SMC04600,Natural,34.39728,-118.7105,,
SMC04748,Natural,34.41314,-118.65879,,
SMC04749,All or partially earthen,33.85826,-117.21321,,
SMC04756,All or partially earthen,34.27092,-118.9269,,
408CGCS04,All or partially earthen,34.27161,-118.92406,,
SMC04806,Natural,32.89036,-117.19358,,
SMC04932,All or partially earthen,34.20139,-119.00115,,
SMC04934,Natural,33.03312,-117.1627,,
SMC04972,All or partially earthen,34.24051,-117.93466,,
SMC05017,Hardened,33.1127,-117.10777,11km,
403S05291,Natural,34.56397,-119.26305,,
SMC05423,All or partially earthen,34.28649,-119.30791,,
SMC05567,Natural,34.31976,-119.08872,,
SMC05702,Natural,32.83209,-117.22954,,
SMC05759,Natural,34.35232,-119.03474,,
SMC05968,Natural,34.23489,-117.80554,,
SMC06019,All or partially earthen,33.68262,-117.81236,,
SMC06079,Natural,34.41108,-119.08213,,
SMC06288,Natural,34.26678,-117.84409,,
SMC06356,Natural,34.20156,-118.91158,,
SMC06458,All or partially earthen,32.66901,-117.01724,,
SMC06467,Natural,33.79118,-117.71782,,
SMC06496,Natural,34.16554,-117.8911,,
SMC06612,Natural,34.28609,-118.85451,,
SMC06653,All or partially earthen,33.96371,-117.46267,,
SMC06714,Natural,32.67579,-117.00604,,
SMC06740,Hardened,34.1807,-118.87436,4km,
SMC06904,All or partially earthen,34.41963,-118.78769,,
403R4S193,All or partially earthen,34.41722,-118.78927,,
SMC06926,All or partially earthen,34.04799,-118.51137,,
SMC07828,All or partially earthen,34.27558,-118.89446,,
SMC08068,Hardened,34.1802,-119.10372,15km,
SMC08150,Natural,32.83731,-117.01975,,
SMC08335,Natural,34.34583,-119.29948,,
ME-VR2,Natural,34.34584,-119.29948,,
SMC08426,Natural,32.65071,-117.05482,,
SMC08660,All or partially earthen,34.28495,-118.86938,,
SMC08845,All or partially earthen,33.87309,-117.21355,,
SMC09091,All or partially earthen,33.71335,-117.79574,,
SMC09118,All or partially earthen,33.80876,-117.86259,,
SMC09286,All or partially earthen,32.78194,-117.11419,,
SMC09564,All or partially earthen,34.4322,-118.59397,,
SMC09698,Natural,33.7459,-116.70739,,
SMC10189,All or partially earthen,33.95788,-117.30685,,
SMC10685,All or partially earthen,34.01879,-117.36873,,
SMC10756,Hardened,34.42358,-118.93024,3.5km,
SMC11581,Hardened,33.95246,-117.60611,>15km,
SMC11727,Natural,34.47857,-119.29339,,
SMC13062,Hardened,32.7755,-117.19557,-99,ended in developed area
SMC13187,All or partially earthen,33.67808,-117.80245,,
SMC13214,All or partially earthen,33.80453,-117.87242,,
SMC13402,Natural,32.81507,-116.56542,,
SMC14099,All or partially earthen,33.62772,-117.73558,,
SMC14211,All or partially earthen,33.6894,-117.82174,,
SMC15677,Hardened,33.95445,-117.60439,>15km,
SMC15678,Hardened,33.80989,-118.09075,>15km,
SMC16169,Natural,33.74655,-117.59351,,
SMC16832,Hardened,33.88444,-118.10855,>15km,
SMC17056,Natural,34.4263,-118.5779,,
SMC17432,Hardened,33.84435,-118.09802,>15km,
SMC17692,Natural,34.41887,-118.63264,,
SMC17918,Natural,32.66304,-117.03172,,
SMC18046,All or partially earthen,34.42227,-119.26442,,
SMC18545,Natural,34.48452,-119.30834,,
SMC18656,Hardened,34.47128,-118.53166,6.5km,
SMC19466,Natural,34.14883,-118.7575,,
SMC19552,Natural,32.83965,-117.02366,,
SMC19669,Natural,33.57159,-117.16106,,
SMC19697,Natural,34.34807,-119.30096,,
SMC19809,Natural,34.50141,-119.3531,,
SMC19945,Natural,34.50486,-119.28186,,
SMC20032,Hardened,33.87664,-118.10774,>15km,
SMC20092,Natural,34.4141,-118.65608,,
SMC20497,Natural,34.31227,-119.29853,,
SMC20994,Hardened,34.03639,-118.51129,7.5km,
SMC21069,All or partially earthen,33.59686,-117.12403,,
SMC21382,Natural,34.40663,-118.6694,,
SMC21796,Hardened,33.99108,-118.40916,-99,ended in developed area
SMC21822,All or partially earthen,33.87234,-117.70876,,
SMC21921,Hardened,33.8878,-117.50574,-99,ended in developed area
SMC22521,Hardened,33.87789,-117.54048,-99,ended in developed area
SMC23495,Natural,32.83382,-116.72302,,
SMC24222,Natural,33.87151,-117.71724,,
SMC26288,Natural,33.77432,-117.69453,,
SMC26694,Natural,32.8377,-116.71706,,
SMC32718,Natural,32.88458,-116.82232,,
SMC32897,All or partially earthen,33.86921,-117.21318,,
SMC33179,Natural,33.47313,-117.14351,,
SMC34888,Natural,33.77386,-117.68432,,
SMC35697,Natural,34.35404,-119.30981,,
SMC37632,Natural,32.67201,-116.99925,,
SMC40887,Natural,33.76317,-117.46378,,
404S44642,Natural,34.16873,-118.70306,,
SMCR8_011,All or partially earthen,33.85815,-117.78667,,
SMCR8_022,Natural,34.16055,-116.86775,,
SMCR8_042,Natural,33.94623,-117.61423,,
SMCR8_046,Natural,33.79096,-117.71949,,
SMCR8_048,Hardened,33.71756,-117.78945,7km,
SMCR8_050,Natural,34.15651,-116.79441,,
SMCR8_057,Natural,34.25033,-117.54376,,
SMCR8_068,Natural,34.2575,-117.64123,,
SMCR8_070,Natural,33.77122,-116.7675,,
SMCR8_071,Natural,33.75347,-117.67887,,
SMCR8_074,Natural,34.08167,-116.8887,,
SMCR8_085,Hardened,34.0499,-117.23238,8km,
SMCR8_112,Natural,34.26148,-117.46974,,
SMCR8_114,All or partially earthen,34.13646,-117.1897,,
SMCR8_118,Natural,34.27906,-117.47566,,
SMCR8_121,All or partially earthen,34.12372,-117.19213,,
SMCR8_124,Natural,34.12656,-117.07716,,
SMCR8_142,Natural,33.77361,-117.68839,,
SMCR8_149,Natural,33.76593,-117.67927,,
SMCR8_153,Natural,33.82397,-117.50602,,
SMCR8_162,Natural,33.73786,-117.4173,,
SMCR8_163,Natural,33.79478,-116.74829,,
SMCR8_165,All or partially earthen,33.96358,-117.47533,,
SMCR8_171,Hardened,33.72398,-117.78003,6.5km,
SMCR8_178,All or partially earthen,33.6824,-117.81066,,
SMCR8_180,All or partially earthen,33.67623,-117.78944,,
SMCR8_184,Natural,34.16546,-117.01553,,
SMCR8_218,Natural,33.80978,-116.7403,,
SMCR8_219,Natural,34.11105,-116.99195,,
SMCR8_226,Natural,34.19146,-117.27421,,
SMCR8_243,All or partially earthen,33.82798,-117.20878,,
SMCR8_259,Natural,34.07638,-117.09505,,
SMCR8_270,Natural,33.72944,-116.74809,,
SMCR8_272,Natural,34.08788,-116.91434,,
SMCR8_305,All or partially earthen,33.70892,-117.80066,,
SMCR8_327,Natural,34.23294,-117.42894,,
SMCR8_351,Natural,33.97295,-117.51806,,
SMCR8_361,All or partially earthen,33.96825,-117.44789,,
SMCR8_398,All or partially earthen,34.13646,-117.18965,,
SMCR8_419,Natural,33.74266,-116.71364,,
SMCR8_441,All or partially earthen,33.85423,-117.90065,,
SMCR8_469,All or partially earthen,34.1116,-117.14689,,
SMCR8_474,Natural,34.24826,-117.62775,,
SMCR8_496,Natural,33.68738,-116.68416,,
SMCR8_504,All or partially earthen,33.65657,-117.76426,,
SMCR8_513,Natural,33.71777,-116.76274,,
SMCR8_528,All or partially earthen,33.87273,-117.71305,,
SMCR8_532,All or partially earthen,33.77896,-117.83864,,
801RB8549,Hardened,33.65914,-117.88128,-99,ended in developed area
SMCR8_587,Natural,33.72206,-116.80423,,
SMCR8_600,Natural,34.23092,-117.48291,,
SMCR8_601,Hardened,34.02789,-117.58527,>15km,
SMCR8_613,Natural,33.98574,-117.13166,,
845RB8633,Hardened,33.87181,-118.01959,>15km,
SMCR8_688,Natural,33.75289,-116.70609,,
902SSMR05,Natural,33.41434,-117.24151,,
902SMSTN1,Natural,33.43063,-117.18909,,
907SDSDR9,Natural,32.83894,-117.04535,,
909JPCH79,Natural,32.91849,-116.57176,,
909SWR94x,Natural,32.73331,-116.93861,,
911TJPC2x,Natural,32.85311,-116.52273,,
911TJPVC1,Natural,32.83572,-116.54322,,
901BELOLV,Natural,33.6406,-117.5531,,
901NP9FLC,Natural,33.67583,-117.53655,,
901SCCA74,Natural,33.61854,-117.50955,,
901SJC74x,Natural,33.51917,-117.62372,,
901SJSJC9,All or partially earthen,33.48442,-117.67577,,
901TCSMP1,Natural,33.63582,-117.61739,,
902ARO100,Natural,33.44415,-116.98729,,
SMC06918,Natural,32.78184,-117.184,,
SMC04426,Natural,33.00696,-116.66995,,
901ATCAAS,Natural,33.68264,-117.50159,,
901ATCTCx,Natural,33.67478,-117.54708,,
901BCCBCT,Natural,33.56903,-117.56508,,
901SJMS1x,Natural,33.58122,-117.52458,,
901ATCDOS,All or partially earthen,33.49825,-117.66601,,
SMC00153,All or partially earthen,33.22193,-117.34611,,
SMC00198,Natural,32.93709,-117.13851,,
SMC00910,All or partially earthen,33.51383,-117.74426,,
SMC00921,All or partially earthen,33.10624,-117.11573,,
SMC01013,Natural,33.48059,-117.14397,,
SMC05109,Natural,33.4745,-117.13858,,
SMC12246,Natural,32.83982,-117.04284,,
